{
  "features": [
    "reynolds",
    "aoa",
    "g1",
    "g2"
  ],
  "targets": [
    "cl",
    "cd"
  ],
  "envelope": {
    "reynolds": [
      2024887.0645636048,
      6038914.987783981
    ],
    "aoa": [
      -2.484,
      12.451
    ]
  }
}