{
  "features": [
    "reynolds",
    "aoa",
    "g1",
    "g2"
  ],
  "targets": [
    "cl",
    "cd"
  ],
  "envelope": {
    "reynolds": [
      3022425.59041133,
      5024342.168868738
    ],
    "aoa": [
      -4.934,
      14.697
    ]
  }
}